<?xml version="1.0" encoding="UTF-8" standalone="yes"?>
<addon id="plugin.video.eneyida" name="repository.ukrainian" version="1.0" provider-name="CakesTwix">
    <extension point="xbmc.addon.repository" name="CakesTwix's Repository">
        <dir>
            <info compressed="false">https://raw.githubusercontent.com/CakesTwix/repository.ukrainian/master/repo/zips/addons.xml</info>
            <checksum>https://raw.githubusercontent.com/CakesTwix/repository.ukrainian/master/repo/zips/addons.xml.md5</checksum>
            <datadir zip="true">https://raw.githubusercontent.com/CakesTwix/repository.ukrainian/master/repo/zips/</datadir>
        </dir>
    </extension>
    <extension point="xbmc.addon.metadata">
        <summary>CakesTwix's Repository</summary>
        <description>Репозиторий Кейка з українськими сайтами.</description>
        <disclaimer></disclaimer>
        <platform>all</platform>
        <assets>
            <icon>icon.png</icon>
            <fanart>fanart.jpg</fanart>
        </assets>
    </extension>
</addon>