<?xml version="1.0" encoding="UTF-8"?>
<addon id="plugin.video.eneyida"
version="1.0.0"
name="Eneyida"
provider-name="Roman_V_M">
<requires>
  <import addon="xbmc.python" version="3.0.1"/>
  <import addon="script.module.requests" version="2.22.0"/>
  <import addon="script.module.beautifulsoup4" version="4.6.2"/>
</requires>
<extension point="xbmc.python.pluginsource" library="main.py">
  <provides>video</provides>
</extension>
<extension point="xbmc.addon.metadata">
  <summary lang="en_GB">Eneyida.tv Kodi Video Plugin</summary>
  <description lang="en_GB">An example video plugin for Kodi mediacenter.</description>
  <disclaimer lang="en_GB">Public domain movies are provided by publicdomainmovie.net.</disclaimer>
  <license>GPL-3.0-only	</license>
  <assets>
    <icon>resources/images/logo.jpg</icon>
    <fanart>resources/images/screenshot-1.png</fanart>
    <screenshot>resources/images/screenshot-1.png</screenshot>
  </assets>
  <news>Updated with latest artwork metadata</news>
</extension>
</addon>
